id,first_name,last_name,email,gender,ip_address
1,'Sophie','Charge',scharge0@icio.us,Female,156.45.14.198
2,Benetta,Waliszek,bwaliszek1@unc.edu,Female,184.125.134.246
3,Petey,Belderson,pbelderson2@etsy.com,Male,117.26.45.100
4,Brinna,Reedyhough,breedyhough3@geocities.jp,Female,169.228.8.86
5,Rafaellle,Dearnaley,rdearnaley4@moonfruit.com,Male,141.211.33.181
6,Stearne,Aubery,saubery5@smugmug.com,Male,157.91.231.177
7,Evaleen,Sears,esears6@wired.com,Female,50.16.104.80
8,Patrick,O'Hallihane,pohallihane7@goo.gl,Male,222.73.147.12
9,Alecia,Parkisson,aparkisson8@state.gov,Female,45.107.9.170
10,Mile,Parsall,mparsall9@example.com,Male,185.100.169.241
